{"means": [-0.08062133193016052, 0.03529471531510353, -0.25824400782585144], "stddevs": [0.4401485323905945, 0.42184916138648987, 0.49927085638046265]}